target,resid,auc,lo,hi,n_rows,n_rollouts,per_q,layer
favoured,False,0.5834478563251936,0.5607357787964117,0.6046451352887675,11265,198,"{'giraffes': 0.592, 'bridge': 0.563, 'tbc': 0.563, 'orangecars': 0.615}",12
favoured,True,0.5488235543078864,0.5283504714046601,0.5684412122355893,11265,198,"{'giraffes': 0.585, 'bridge': 0.543, 'tbc': 0.489, 'orangecars': 0.578}",12
above_T,False,0.6786188771600464,0.6581154551759475,0.6981184273110861,11265,198,"{'giraffes': 0.659, 'bridge': 0.706, 'tbc': 0.705, 'orangecars': 0.645}",12
above_T,True,0.6776215792669212,0.6549793866338777,0.6974864291741634,11265,198,"{'giraffes': 0.632, 'bridge': 0.708, 'tbc': 0.694, 'orangecars': 0.676}",12
cond,False,0.7712024909431485,0.7422540263611327,0.7970043737954903,11265,198,"{'giraffes': 0.811, 'bridge': 0.715, 'tbc': 0.764, 'orangecars': 0.795}",12
cond,True,0.7726533825887747,0.7464302795277589,0.7997006300981336,11265,198,"{'giraffes': 0.809, 'bridge': 0.721, 'tbc': 0.764, 'orangecars': 0.797}",12
near_T,False,0.8606050335047353,0.8472515072844155,0.8729388719947302,11265,198,"{'giraffes': 0.87, 'bridge': 0.832, 'tbc': 0.829, 'orangecars': 0.911}",12
near_T,True,0.5808458279041273,0.5589065364688776,0.6023284496894576,11265,198,"{'giraffes': 0.874, 'bridge': 0.545, 'tbc': 0.415, 'orangecars': 0.49}",12
final_side,False,0.5839521231347549,0.5092080649570463,0.678823956683815,5716,104,"{'giraffes': 0.589, 'bridge': 0.613, 'tbc': 0.551, 'orangecars': 0.583}",12
final_side,True,0.5769262449372857,0.4932831690610341,0.6780763859538774,5716,104,"{'giraffes': 0.56, 'bridge': 0.614, 'tbc': 0.554, 'orangecars': 0.579}",12
shuffled,False,0.4969449362898015,0.48535924047093015,0.5084772862703305,11265,198,"{'giraffes': 0.503, 'bridge': 0.491, 'tbc': 0.491, 'orangecars': 0.503}",12
shuffled,True,0.49689686188622106,0.4857924625213369,0.5083653960219778,11265,198,"{'giraffes': 0.502, 'bridge': 0.49, 'tbc': 0.492, 'orangecars': 0.505}",12
favoured,False,0.6095566743767264,0.585881772643214,0.6345284785092972,11265,198,"{'giraffes': 0.637, 'bridge': 0.589, 'tbc': 0.577, 'orangecars': 0.635}",16
favoured,True,0.576411069192992,0.5536464436992836,0.5988732494131518,11265,198,"{'giraffes': 0.621, 'bridge': 0.558, 'tbc': 0.521, 'orangecars': 0.605}",16
above_T,False,0.7654363630224603,0.7471198446121249,0.7820151659575181,11265,198,"{'giraffes': 0.77, 'bridge': 0.808, 'tbc': 0.741, 'orangecars': 0.742}",16
above_T,True,0.7671465017001347,0.7479301430027855,0.7830341143415444,11265,198,"{'giraffes': 0.752, 'bridge': 0.812, 'tbc': 0.732, 'orangecars': 0.773}",16
cond,False,0.7343469185620152,0.7036229164736534,0.7624198495609511,11265,198,"{'giraffes': 0.772, 'bridge': 0.681, 'tbc': 0.726, 'orangecars': 0.759}",16
cond,True,0.7349920385602126,0.706447255738647,0.7641124583725217,11265,198,"{'giraffes': 0.773, 'bridge': 0.684, 'tbc': 0.725, 'orangecars': 0.758}",16
near_T,False,0.8910252738681649,0.8800757887087262,0.9008201236511352,11265,198,"{'giraffes': 0.919, 'bridge': 0.897, 'tbc': 0.836, 'orangecars': 0.912}",16
near_T,True,0.6407460109329027,0.6217780700903782,0.6579069062550155,11265,198,"{'giraffes': 0.905, 'bridge': 0.671, 'tbc': 0.415, 'orangecars': 0.572}",16
final_side,False,0.5684320672472793,0.49429011631022907,0.6228131134139557,5716,104,"{'giraffes': 0.516, 'bridge': 0.61, 'tbc': 0.552, 'orangecars': 0.596}",16
final_side,True,0.575402607026857,0.5066541679393018,0.6320820440355975,5716,104,"{'giraffes': 0.519, 'bridge': 0.623, 'tbc': 0.57, 'orangecars': 0.589}",16
shuffled,False,0.5077689131818727,0.49775630567666707,0.5187881591235399,11265,198,"{'giraffes': 0.516, 'bridge': 0.504, 'tbc': 0.5, 'orangecars': 0.511}",16
shuffled,True,0.5080213722027731,0.49752753196434546,0.5185858993174085,11265,198,"{'giraffes': 0.517, 'bridge': 0.507, 'tbc': 0.498, 'orangecars': 0.511}",16
favoured,False,0.6125797841212474,0.5881175361218306,0.6360866395857924,11265,198,"{'giraffes': 0.603, 'bridge': 0.607, 'tbc': 0.633, 'orangecars': 0.608}",20
favoured,True,0.5691627894977094,0.5481611485169239,0.5873564319687334,11265,198,"{'giraffes': 0.587, 'bridge': 0.559, 'tbc': 0.575, 'orangecars': 0.555}",20
above_T,False,0.7487768465434528,0.7342826527503775,0.7625948450507107,11265,198,"{'giraffes': 0.782, 'bridge': 0.816, 'tbc': 0.727, 'orangecars': 0.67}",20
above_T,True,0.7574774267588098,0.7409537035101231,0.7723437202493113,11265,198,"{'giraffes': 0.758, 'bridge': 0.816, 'tbc': 0.721, 'orangecars': 0.735}",20
cond,False,0.6932118755551134,0.6652955335054799,0.7199397582041254,11265,198,"{'giraffes': 0.709, 'bridge': 0.645, 'tbc': 0.723, 'orangecars': 0.696}",20
cond,True,0.7002252019916652,0.6709619067836055,0.7251897574721132,11265,198,"{'giraffes': 0.706, 'bridge': 0.658, 'tbc': 0.736, 'orangecars': 0.702}",20
near_T,False,0.8626904863442949,0.8491601175002675,0.8744525066977467,11265,198,"{'giraffes': 0.885, 'bridge': 0.897, 'tbc': 0.855, 'orangecars': 0.813}",20
near_T,True,0.502445895104153,0.48115423583987726,0.5226511226009273,11265,198,"{'giraffes': 0.867, 'bridge': 0.486, 'tbc': 0.298, 'orangecars': 0.359}",20
final_side,False,0.5526559180262214,0.48834508125508197,0.6077184216532704,5716,104,"{'giraffes': 0.495, 'bridge': 0.591, 'tbc': 0.576, 'orangecars': 0.548}",20
final_side,True,0.5482758739511759,0.4802799216241929,0.5971575777443766,5716,104,"{'giraffes': 0.495, 'bridge': 0.587, 'tbc': 0.561, 'orangecars': 0.55}",20
shuffled,False,0.5105301808857607,0.5010345371715825,0.5206795844760158,11265,198,"{'giraffes': 0.513, 'bridge': 0.507, 'tbc': 0.504, 'orangecars': 0.518}",20
shuffled,True,0.5100094022257778,0.49993341962150273,0.519600451750564,11265,198,"{'giraffes': 0.514, 'bridge': 0.502, 'tbc': 0.506, 'orangecars': 0.519}",20
